{"cameraMode":{"drawMode":0,"name":"Shaded","section":"Shading Mode"},"sceneLighting":true,"audioPlay":false,"sceneViewState":{"showFog":true,"showMaterialUpdate":true,"showSkybox":true,"showFlares":true,"showImageEffects":true,"showParticleSystems":true},"in2DMode":false,"pivot":{"x":509.33245849609377,"y":175.4476318359375,"z":-42.85221481323242},"rotation":{"x":-0.007499330677092075,"y":0.011999537236988545,"z":-0.00009001005673781037,"w":-0.9998999238014221},"size":665.07080078125,"orthographic":true}